<?xml version="1.0" encoding="UTF-8"?><root>
 <title>Title of the Document</title>
 <summary>Summary of document contents</summary>
 <executive-summary>Executive summary of the document contents
   <secret>Only role having "secret" can read this
     <top-secret>Only role having "top-secret" can read this</top-secret>
   </secret>
</executive-summary>
<content>Contents of document 
  <top-secret>Only role with "top-secret" can read this
     <secret>Only role with "secret" can read this</secret>
  </top-secret>
Unclassified content
</content>
</root>